,Date,Ground truth_Warren,Number of tweets (ALL)_Warren,Number of tweets >= 0.5_Warren,Number of tweets >= 0.6_Warren,Number of tweets >= 0.7_Warren,Ground truth_Biden,Number of tweets (ALL)_Biden,Number of tweets >= 0.5_Biden,Number of tweets >= 0.6_Biden,Number of tweets >= 0.7_Biden,Ground truth_Sanders,Number of tweets (ALL)_Sanders,Number of tweets >= 0.5_x,Number of tweets >= 0.6_Sanders,Number of tweets >= 0.7_x,Ground truth_Harris,Number of tweets (ALL)_Harris,Number of tweets >= 0.5_y,Number of tweets >= 0.6_Harris,Number of tweets >= 0.7_y,Ground truth_Buttigieg,Number of tweets (ALL)_Buttigieg,Number of tweets >= 0.5,Number of tweets >= 0.6_Buttigieg,Number of tweets >= 0.7
0,2019-03-03,7.484041855345496,4548.0,1474.0,1165.0,874.0,33.81989256010067,4520.0,1565.0,1075.0,617.0,25.34285142012146,4560.0,1938.0,1465.0,1011.0,9.540913910086887,840.0,284.0,221.0,151.0,1.81470366749002,2385.0,1649.0,1383.0,1157.0
1,2019-03-04,7.484041855345497,2060.0,658.0,524.0,395.0,33.81989256010067,1780.0,520.0,384.0,213.0,25.371972019043387,2840.0,1127.0,859.0,599.0,9.533103991696745,680.0,259.0,193.0,132.0,1.8197165314165593,706.0,460.0,412.0,328.0
2,2019-03-05,7.484041855345496,,,,,33.81989256010067,3327.0,1090.0,739.0,453.0,25.39138575165801,4040.0,1666.0,1252.0,916.0,9.527897379436649,620.0,270.0,200.0,146.0,1.8230584407009187,1324.0,851.0,727.0,605.0
3,2019-03-06,7.484041855345496,1166.0,498.0,411.0,303.0,33.81989256010067,2878.0,942.0,644.0,353.0,24.945806650563696,1080.0,398.0,294.0,209.0,9.48414855341364,3440.0,1370.0,917.0,639.0,1.8254455187611756,1200.0,780.0,678.0,558.0
4,2019-03-07,7.484041855345496,2411.0,922.0,804.0,579.0,33.81989256010067,4622.0,1595.0,1133.0,687.0,24.52858959683176,1200.0,450.0,345.0,251.0,9.441250903085024,2540.0,1118.0,807.0,558.0,1.8293617677951768,990.0,681.0,618.0,537.0
5,2019-03-08,7.484041855345496,,,,,33.81989256010067,2214.0,816.0,590.0,377.0,24.111372543099808,1860.0,773.0,600.0,447.0,9.387455623835107,3683.0,1843.0,1363.0,1000.0,1.8332780168291785,1975.0,1325.0,1125.0,900.0
6,2019-03-09,7.484041855345496,880.0,351.0,284.0,205.0,33.81989256010067,1904.0,787.0,537.0,344.0,24.075369779033327,9036.0,3658.0,2696.0,1967.0,9.332885694272964,440.0,212.0,167.0,131.0,1.83719426586318,1965.0,1245.0,1032.0,876.0
7,2019-03-10,7.484041855345496,1856.0,774.0,555.0,402.0,33.81989256010067,600.0,203.0,143.0,100.0,23.853229973612123,520.0,220.0,158.0,119.0,9.293284429095946,2880.0,1281.0,992.0,718.0,1.839767987122716,2035.0,1205.0,1045.0,885.0
8,2019-03-11,7.484041855345496,3462.0,1392.0,1046.0,800.0,33.81989256010067,2539.0,916.0,635.0,389.0,23.71678184995327,2506.0,976.0,723.0,507.0,9.263077257718123,2133.0,946.0,703.0,509.0,1.839767987122716,2000.0,1009.0,841.0,684.0
9,2019-03-12,7.484041855345496,,,,,33.81989256010067,6009.0,2374.0,1657.0,1013.0,23.121410281962987,2060.0,924.0,698.0,494.0,9.253647845115646,3353.0,1550.0,1125.0,807.0,1.839767987122716,1877.0,1064.0,905.0,741.0
10,2019-03-13,7.484041855345496,8114.0,2852.0,2242.0,1626.0,33.81989256010067,5936.0,2072.0,1417.0,884.0,22.9844847669346,1960.0,839.0,636.0,443.0,9.282807317785194,,,,,1.8466482912445021,1526.0,808.0,672.0,527.0
11,2019-03-14,7.484041855345496,2307.0,1019.0,763.0,565.0,33.81989256010067,3585.0,1609.0,1184.0,696.0,23.14610326048904,1880.0,895.0,696.0,527.0,9.309256110381753,1999.0,1060.0,797.0,559.0,1.9229820127252335,1060.0,711.0,635.0,535.0
12,2019-03-15,7.484041855345496,968.0,377.0,305.0,226.0,33.81989256010067,,,,,23.38544683415118,920.0,396.0,298.0,225.0,9.317468525076253,6339.0,3254.0,2488.0,1741.0,1.9993157342059655,1300.0,933.0,836.0,698.0
13,2019-03-16,7.484041855345496,2333.0,975.0,742.0,586.0,33.81989256010067,1727.0,772.0,557.0,346.0,23.22345257461936,1740.0,724.0,552.0,396.0,9.25543563537958,4516.0,2449.0,1906.0,1476.0,2.0898553362584247,1160.0,660.0,585.0,499.0
14,2019-03-17,7.484041855345496,,,,,33.81989256010067,340.0,133.0,93.0,42.0,23.12000551270241,839.0,391.0,298.0,209.0,9.142280526142594,3836.0,2002.0,1518.0,1098.0,2.1856896444929075,1920.0,1121.0,977.0,826.0
15,2019-03-18,7.484041855345496,40.0,23.0,19.0,13.0,33.81989256010067,3400.0,1140.0,790.0,486.0,22.99024167048194,1780.0,784.0,582.0,394.0,9.005804283138252,1360.0,615.0,467.0,328.0,2.3059146447806325,1080.0,623.0,527.0,439.0
16,2019-03-19,7.484041855345496,2140.0,698.0,536.0,394.0,33.81989256010067,1860.0,649.0,467.0,271.0,23.215705716283843,3940.0,1574.0,1165.0,820.0,8.84855028135857,6880.0,3163.0,2360.0,1726.0,2.4395327297508684,2278.0,1306.0,1133.0,943.0
17,2019-03-20,7.484041855345496,1160.0,421.0,333.0,260.0,33.81989256010067,3755.0,1371.0,998.0,537.0,23.139221453561124,1560.0,674.0,520.0,364.0,8.692737211572657,5650.0,2629.0,2009.0,1417.0,2.5755046530412082,1660.0,990.0,849.0,686.0
18,2019-03-21,7.484041855345496,1961.0,744.0,564.0,405.0,33.81989256010067,1979.0,694.0,486.0,296.0,22.608212293992032,2060.0,905.0,714.0,507.0,8.536924141786738,320.0,155.0,116.0,75.0,2.6420231589726018,5391.0,3285.0,2842.0,2335.0
19,2019-03-22,7.484041855345496,2806.0,1171.0,943.0,761.0,33.81989256010067,640.0,238.0,194.0,137.0,21.952854710495046,1880.0,809.0,614.0,437.0,8.41024507882417,2880.0,1395.0,1129.0,843.0,2.7120405210458896,1340.0,753.0,639.0,519.0
20,2019-03-23,7.484041855345496,2058.0,896.0,708.0,530.0,33.81989256010067,2280.0,817.0,606.0,403.0,21.352868427523333,740.0,334.0,242.0,181.0,8.35458597056501,500.0,259.0,195.0,145.0,2.7678520025474502,1360.0,768.0,666.0,538.0
21,2019-03-24,7.484041855345496,,,,,33.81989256010067,1936.0,734.0,526.0,317.0,21.090783413487138,2178.0,964.0,720.0,499.0,8.325058852822737,4718.0,2056.0,1573.0,1174.0,2.8225087634888117,2780.0,1528.0,1290.0,987.0
22,2019-03-25,7.484041855345496,1066.0,486.0,380.0,296.0,33.81989256010067,1503.0,567.0,425.0,258.0,20.83255817809033,1920.0,787.0,616.0,442.0,8.313386726972126,6103.0,2914.0,2141.0,1553.0,2.8527748323769315,2280.0,1179.0,984.0,773.0
23,2019-03-26,7.484041855345496,1480.0,692.0,553.0,428.0,33.81989256010067,800.0,278.0,197.0,129.0,20.6772517962944,640.0,279.0,198.0,144.0,8.299816307357181,420.0,181.0,142.0,104.0,2.8696478165825394,1900.0,1030.0,860.0,684.0
24,2019-03-27,7.484041855345496,2159.0,1077.0,866.0,668.0,33.81989256010067,2932.0,861.0,588.0,369.0,20.358487320358503,1340.0,619.0,474.0,363.0,8.282277896937794,2460.0,1215.0,886.0,644.0,2.8772866583462573,1020.0,590.0,506.0,431.0
25,2019-03-28,7.484041855345496,3750.0,1840.0,1595.0,1031.0,33.81989256010067,1620.0,573.0,418.0,267.0,20.183041885106746,3000.0,1244.0,921.0,680.0,8.26596928446745,5520.0,2412.0,1851.0,1324.0,2.8981953738417467,2340.0,1285.0,1083.0,844.0
26,2019-03-29,7.484041855345496,1437.0,650.0,564.0,362.0,33.81989256010067,5353.0,1482.0,995.0,605.0,20.042760150139976,1420.0,665.0,517.0,372.0,8.249660671997107,200.0,107.0,79.0,51.0,2.9196764644550965,2480.0,1273.0,1055.0,789.0
27,2019-03-30,7.484041855345496,3178.0,1385.0,1107.0,859.0,33.81989256010067,1860.0,581.0,350.0,198.0,19.902227068708488,1000.0,412.0,301.0,216.0,8.233352059526766,1360.0,697.0,516.0,394.0,2.9602755622111467,980.0,490.0,403.0,322.0
28,2019-03-31,7.484041855345496,,,,,33.81989256010067,4340.0,1455.0,973.0,554.0,19.810964682073713,3359.0,1417.0,1003.0,704.0,8.227065011694723,240.0,119.0,84.0,59.0,3.2553721297562053,1554.0,836.0,685.0,550.0
29,2019-04-01,7.484041855345496,3271.0,1406.0,1101.0,860.0,33.81989256010067,920.0,323.0,205.0,112.0,19.744668665916034,1100.0,468.0,351.0,241.0,8.224004904206886,4097.0,1974.0,1456.0,1046.0,3.6662402012186,5048.0,2640.0,2175.0,1687.0
30,2019-04-02,7.484041855345496,2503.0,1148.0,895.0,704.0,33.81989256010067,31789.0,10471.0,7202.0,4349.0,19.67914935246656,1000.0,449.0,330.0,218.0,8.222843090483384,6594.0,3120.0,2402.0,1671.0,4.0862066699603,3080.0,1687.0,1405.0,1083.0
31,2019-04-03,7.484041855345496,1940.0,604.0,471.0,336.0,33.81989256010067,,,,,20.104700983844527,2740.0,1080.0,773.0,533.0,8.225649267564325,1100.0,496.0,345.0,240.0,4.546567447220059,820.0,387.0,310.0,240.0
32,2019-04-04,7.484041855345496,3259.0,1136.0,866.0,636.0,33.81989256010067,1940.0,854.0,656.0,451.0,20.567846678582974,15860.0,6021.0,4367.0,3033.0,8.227225646696219,3178.0,1317.0,998.0,714.0,5.022573572777861,660.0,344.0,290.0,244.0
33,2019-04-05,7.484041855345496,2760.0,1040.0,836.0,651.0,33.81989256010067,1000.0,339.0,249.0,134.0,21.042452016856622,1559.0,587.0,420.0,294.0,8.227199719246466,1779.0,845.0,683.0,473.0,5.500531122960272,168.0,112.0,97.0,65.0
34,2019-04-06,7.484041855345496,3112.0,1227.0,984.0,769.0,33.81989256010067,1840.0,651.0,453.0,303.0,21.56568084708047,580.0,252.0,194.0,146.0,8.224349964409859,3437.0,1615.0,1212.0,873.0,5.959370665999982,2380.0,1198.0,977.0,766.0
35,2019-04-07,7.484041855345496,1319.0,548.0,428.0,314.0,33.81989256010067,3874.0,1323.0,984.0,626.0,21.84559197035388,1800.0,657.0,495.0,353.0,8.205905961746456,1180.0,526.0,391.0,263.0,6.1595727536288605,7360.0,3471.0,2848.0,2190.0
36,2019-04-08,7.484041855345496,762.0,333.0,268.0,194.0,33.81989256010067,5631.0,1843.0,1352.0,788.0,22.10221590096485,560.0,196.0,137.0,94.0,8.18588557995116,3996.0,1888.0,1449.0,1014.0,6.244003337340401,20.0,11.0,8.0,6.0
37,2019-04-09,7.484041855345496,2460.0,1041.0,820.0,611.0,33.81989256010067,3012.0,1026.0,719.0,423.0,22.577148780817012,2000.0,838.0,618.0,446.0,8.12386551227403,,,,,6.319335523772637,2039.0,889.0,701.0,543.0
38,2019-04-10,7.484041855345496,240.0,93.0,84.0,56.0,33.81989256010067,4232.0,1427.0,1010.0,634.0,22.780046411092105,16917.0,6470.0,4755.0,3351.0,8.045333854819663,3131.0,1321.0,1003.0,741.0,6.354273401686815,4906.0,1787.0,1397.0,1028.0
39,2019-04-11,7.484041855345496,4167.0,1647.0,1312.0,947.0,33.81989256010067,2358.0,824.0,604.0,362.0,22.8067486382403,1799.0,670.0,488.0,318.0,7.945445701708798,3303.0,1446.0,1127.0,833.0,6.360296057571177,5259.0,2281.0,1871.0,1427.0
40,2019-04-12,7.484041855345496,2005.0,727.0,591.0,416.0,33.81989256010067,2805.0,979.0,649.0,388.0,22.836308008245645,5080.0,2200.0,1658.0,1247.0,7.847159855179584,3314.0,1458.0,995.0,716.0,6.360296057571177,160.0,80.0,62.0,50.0
41,2019-04-13,7.484041855345496,180.0,77.0,64.0,49.0,33.81989256010067,2653.0,957.0,692.0,390.0,22.76568751756135,1220.0,508.0,374.0,257.0,7.748542982831575,200.0,88.0,65.0,42.0,6.360296057571177,2299.0,979.0,792.0,656.0
42,2019-04-14,7.484041855345496,1418.0,580.0,478.0,361.0,33.81989256010067,1135.0,434.0,296.0,173.0,22.603623531635122,1760.0,758.0,571.0,391.0,7.660101430330132,5040.0,2121.0,1603.0,1136.0,6.346615427476865,1220.0,603.0,487.0,356.0
43,2019-04-15,7.484041855345496,1945.0,840.0,660.0,475.0,33.81989256010067,2692.0,1034.0,749.0,455.0,22.34346745973934,4840.0,1982.0,1501.0,1058.0,7.571659877828691,1819.0,823.0,620.0,452.0,6.32431360699622,640.0,327.0,267.0,201.0
44,2019-04-16,7.484041855345496,2328.0,993.0,796.0,613.0,33.81989256010067,1758.0,646.0,461.0,270.0,21.855002438602387,1580.0,645.0,493.0,332.0,7.523315571478152,4722.0,2272.0,1657.0,1218.0,6.302011786515572,4220.0,2198.0,1802.0,1416.0
45,2019-04-17,7.484041855345496,60.0,18.0,9.0,9.0,33.81989256010067,3278.0,1339.0,967.0,512.0,21.142300586314466,6360.0,2722.0,2017.0,1392.0,7.427893558444223,6640.0,3302.0,2424.0,1738.0,6.279709966034926,16231.0,7373.0,5943.0,4615.0
46,2019-04-18,7.484041855345496,20.0,6.0,6.0,2.0,33.81989256010067,2065.0,895.0,647.0,390.0,20.540445585473208,880.0,354.0,247.0,172.0,7.353828041066791,1260.0,619.0,471.0,344.0,6.2574081455542805,2780.0,1321.0,1081.0,863.0
47,2019-04-19,7.484041855345496,320.0,108.0,92.0,75.0,33.81989256010067,760.0,299.0,211.0,150.0,19.925914273772303,899.0,370.0,286.0,204.0,7.267838439153009,880.0,475.0,389.0,290.0,6.235106325073633,520.0,263.0,207.0,165.0
48,2019-04-20,7.500210763068551,220.0,80.0,59.0,33.0,33.81989256010067,2994.0,1152.0,845.0,528.0,19.55432000119296,640.0,261.0,195.0,138.0,7.17792475582693,2869.0,1438.0,1050.0,809.0,6.212804504592986,1360.0,662.0,502.0,383.0
49,2019-04-21,7.516379670791607,2077.0,868.0,669.0,519.0,33.81989256010067,1957.0,719.0,490.0,301.0,19.146476239385056,2200.0,877.0,646.0,445.0,7.093430000481077,420.0,198.0,151.0,106.0,6.204183314206651,1840.0,844.0,665.0,500.0
50,2019-04-22,7.532548578514662,960.0,350.0,290.0,217.0,33.81989256010067,4025.0,1453.0,1046.0,618.0,18.831010277832423,1400.0,601.0,451.0,315.0,7.008935245135226,2700.0,1461.0,1083.0,814.0,6.204183314206651,780.0,352.0,291.0,229.0
51,2019-04-23,7.548717486237717,80.0,36.0,30.0,23.0,33.81989256010067,1740.0,767.0,539.0,360.0,18.238043609518584,860.0,343.0,245.0,150.0,6.926342929520301,,,,,6.204183314206651,1900.0,902.0,710.0,533.0
52,2019-04-24,7.564886393960773,200.0,80.0,71.0,54.0,33.81989256010067,5723.0,1985.0,1342.0,828.0,17.96409004207261,1000.0,430.0,300.0,201.0,6.90733991036601,2400.0,1015.0,756.0,529.0,6.1988635121850475,1619.0,723.0,558.0,401.0
53,2019-04-25,7.581055301683827,40.0,17.0,14.0,12.0,33.81989256010067,1480.0,507.0,352.0,231.0,17.636710994180476,1580.0,709.0,521.0,361.0,6.8936474952033935,840.0,480.0,381.0,270.0,6.193543710163445,2220.0,1076.0,896.0,679.0
54,2019-04-26,7.597224209406883,,,,,33.81989256010067,3120.0,1106.0,841.0,524.0,17.30111868345834,1460.0,638.0,496.0,358.0,6.893556416604014,10412.0,4993.0,3645.0,2610.0,6.188223908141843,820.0,392.0,311.0,242.0
55,2019-04-27,7.597224209406883,40.0,14.0,8.0,2.0,33.81989256010067,1800.0,588.0,407.0,263.0,16.853133250082752,1880.0,856.0,647.0,487.0,6.9005442726225805,4700.0,2063.0,1407.0,963.0,6.176846461466657,960.0,507.0,394.0,310.0
56,2019-04-28,7.597224209406883,20.0,7.0,7.0,7.0,33.81989256010067,1440.0,441.0,324.0,203.0,16.436452641106488,1840.0,789.0,578.0,416.0,6.907532128641147,2838.0,1105.0,798.0,579.0,6.165469014791473,2414.0,1170.0,928.0,725.0
57,2019-04-29,7.597224209406883,220.0,111.0,89.0,70.0,33.81989256010067,640.0,220.0,151.0,87.0,16.124123562892212,13540.0,5288.0,3815.0,2589.0,6.91657043280239,4000.0,1579.0,1148.0,795.0,6.154091568116288,1320.0,532.0,418.0,298.0
58,2019-04-30,7.597224209406883,820.0,401.0,341.0,268.0,33.81989256010067,,,,,16.075158678341474,2020.0,819.0,605.0,413.0,6.925608736963634,2060.0,902.0,662.0,452.0,6.142714121441102,3380.0,1178.0,974.0,744.0
59,2019-05-01,7.597224209406883,180.0,60.0,42.0,34.0,33.81989256010067,3254.0,1074.0,771.0,469.0,16.172723647023986,540.0,200.0,162.0,108.0,6.934647041124878,4456.0,2442.0,1913.0,1430.0,6.136656476787523,2060.0,827.0,665.0,521.0
60,2019-05-02,7.597224209406883,120.0,55.0,42.0,33.0,33.81989256010067,5693.0,1704.0,1216.0,743.0,16.376097723441358,1680.0,673.0,512.0,362.0,6.9383747412944405,5739.0,2508.0,1951.0,1455.0,6.13059883213394,4849.0,2166.0,1759.0,1360.0
61,2019-05-03,7.597224209406883,100.0,30.0,27.0,24.0,33.81989256010067,1540.0,526.0,360.0,224.0,16.59975283112474,2280.0,967.0,716.0,526.0,6.940425189437118,2919.0,1409.0,1041.0,776.0,6.124541187480356,220.0,112.0,100.0,87.0
62,2019-05-04,7.597224209406883,60.0,20.0,19.0,13.0,33.81989256010067,9303.0,3104.0,2185.0,1418.0,16.756110889163878,1680.0,708.0,514.0,369.0,6.945572436170316,5500.0,2069.0,1524.0,1111.0,6.124541187480356,884.0,408.0,324.0,268.0
63,2019-05-05,7.597224209406883,1872.0,893.0,713.0,541.0,33.81989256010067,10156.0,3269.0,2268.0,1439.0,16.964780635054623,1360.0,605.0,452.0,316.0,6.956771880923357,4601.0,2136.0,1471.0,1081.0,6.124541187480356,1540.0,722.0,538.0,424.0
64,2019-05-06,7.601537087902376,620.0,236.0,188.0,145.0,33.81989256010067,9168.0,2950.0,2143.0,1369.0,17.10580512256156,1580.0,703.0,527.0,382.0,6.9659208775337245,4717.0,1879.0,1424.0,1005.0,6.124541187480356,2645.0,1196.0,950.0,723.0
65,2019-05-07,7.605849966397869,340.0,109.0,99.0,82.0,33.81989256010067,1220.0,365.0,248.0,154.0,17.27696184591673,760.0,309.0,229.0,165.0,6.975069874144093,1692.0,786.0,632.0,479.0,6.124541187480356,1820.0,688.0,557.0,415.0
66,2019-05-08,7.610162844893362,160.0,65.0,57.0,48.0,33.81989256010067,1400.0,510.0,363.0,235.0,17.451711831417082,2660.0,1063.0,773.0,543.0,6.98421887075446,4173.0,1809.0,1371.0,1033.0,6.124541187480356,1840.0,744.0,604.0,450.0
67,2019-05-09,7.618112938357978,580.0,208.0,170.0,128.0,33.81989256010067,,,,,17.590133327727262,26295.0,10710.0,7887.0,5564.0,6.996224289175558,3718.0,1710.0,1320.0,975.0,6.124541187480356,1459.0,664.0,553.0,450.0
68,2019-05-10,7.626063031822591,120.0,54.0,40.0,34.0,33.81989256010067,1900.0,591.0,387.0,230.0,17.726306223603938,1020.0,458.0,346.0,238.0,7.00822970759666,1617.0,760.0,561.0,409.0,6.124541187480356,540.0,276.0,234.0,182.0
69,2019-05-11,7.634013125287205,140.0,65.0,58.0,47.0,33.81989256010067,939.0,285.0,200.0,135.0,17.815792210864124,780.0,314.0,225.0,159.0,7.018655929737284,2601.0,1247.0,921.0,682.0,6.124541187480356,1720.0,856.0,692.0,529.0
70,2019-05-12,7.659463404888195,2265.0,908.0,723.0,555.0,33.81989256010067,1800.0,587.0,353.0,203.0,17.834521279571398,740.0,294.0,229.0,170.0,7.025313936068863,5277.0,2338.0,1769.0,1298.0,6.124541187480356,700.0,314.0,254.0,208.0
71,2019-05-13,7.6890936539052595,1559.0,595.0,464.0,358.0,33.81989256010067,1920.0,577.0,380.0,213.0,17.822262360294847,3520.0,1443.0,1064.0,771.0,7.031971942400439,1720.0,714.0,535.0,377.0,6.124541187480356,1420.0,643.0,510.0,378.0
72,2019-05-14,7.718723902922322,900.0,363.0,289.0,220.0,33.81989256010067,,,,,17.804007718267716,3020.0,1227.0,916.0,642.0,7.038629948732016,1479.0,727.0,552.0,418.0,6.124541187480356,1180.0,573.0,453.0,341.0
73,2019-05-15,7.748354151939384,1500.0,538.0,421.0,311.0,33.81989256010067,9691.0,3027.0,2069.0,1268.0,17.786202205260977,1640.0,680.0,508.0,341.0,7.045287955063594,720.0,323.0,255.0,188.0,6.124541187480356,1918.0,912.0,751.0,574.0
74,2019-05-16,7.7743471859873265,760.0,270.0,214.0,165.0,33.81989256010067,1840.0,437.0,302.0,180.0,17.799900747197732,1960.0,811.0,617.0,448.0,7.049089539584438,860.0,416.0,321.0,239.0,6.124541187480356,1073.0,555.0,445.0,352.0
75,2019-05-17,7.816507068129468,40.0,16.0,11.0,11.0,33.81294309200073,1519.0,409.0,304.0,179.0,17.851338655275676,900.0,377.0,298.0,203.0,7.052891124105281,3871.0,1820.0,1319.0,943.0,6.124541187480356,820.0,331.0,253.0,191.0
76,2019-05-18,7.8586669502716076,120.0,74.0,56.0,32.0,33.80599362390079,11669.0,4019.0,2934.0,1938.0,17.910867103706504,35278.0,14510.0,10739.0,7589.0,7.05517510631608,2695.0,1379.0,960.0,711.0,6.124541187480356,,,,
77,2019-05-19,7.883326646277371,2297.0,1106.0,915.0,707.0,33.79904415580085,860.0,278.0,198.0,118.0,17.951821672725032,4660.0,2054.0,1541.0,1083.0,7.054596262810187,2735.0,1449.0,1079.0,758.0,6.124541187480356,2400.0,1065.0,846.0,651.0
78,2019-05-20,7.899493494371568,119.0,42.0,33.0,23.0,33.79209468770092,,,,,17.992772243063488,2459.0,997.0,731.0,510.0,7.051398548782752,380.0,184.0,136.0,98.0,6.124541187480356,1760.0,771.0,638.0,486.0
79,2019-05-21,7.915660342465763,1080.0,463.0,374.0,261.0,33.785145219600984,8801.0,2550.0,1782.0,1099.0,17.988070504544503,2360.0,904.0,671.0,484.0,7.048200834755317,4065.0,1746.0,1265.0,934.0,6.124541187480356,1740.0,794.0,651.0,522.0
80,2019-05-22,7.931827190559963,80.0,42.0,33.0,26.0,33.77819575150104,8691.0,2638.0,1809.0,1066.0,17.985390959324,3079.0,1365.0,1030.0,764.0,7.04500312072788,3680.0,1477.0,1126.0,830.0,6.124541187480356,1799.0,883.0,714.0,558.0
81,2019-05-23,7.947994038654157,1331.0,590.0,436.0,325.0,33.771246283401105,460.0,134.0,94.0,56.0,17.982711414103495,2199.0,947.0,727.0,523.0,7.041805406700447,4032.0,1784.0,1314.0,969.0,6.124541187480356,1080.0,458.0,387.0,297.0
82,2019-05-24,7.947994038654157,96.0,40.0,29.0,24.0,33.771246283401105,,,,,17.921031993894147,3180.0,1402.0,1062.0,774.0,7.0386076926730095,2646.0,1324.0,971.0,716.0,6.124541187480356,4001.0,1629.0,1368.0,1093.0
83,2019-05-25,7.947994038654157,1330.0,574.0,469.0,363.0,33.771246283401105,915.0,358.0,265.0,158.0,17.859562628887986,1200.0,626.0,475.0,359.0,7.035409978645575,2276.0,1193.0,853.0,590.0,6.124541187480356,2315.0,1164.0,963.0,774.0
84,2019-05-26,7.947994038654157,1397.0,597.0,479.0,358.0,33.771246283401105,740.0,237.0,163.0,103.0,17.800950406738973,5820.0,2434.0,1818.0,1265.0,7.032791108124032,1965.0,1020.0,779.0,566.0,6.124541187480356,1360.0,482.0,387.0,305.0
85,2019-05-27,7.947994038654157,120.0,48.0,40.0,32.0,33.771246283401105,1840.0,516.0,325.0,192.0,17.74233818458996,1820.0,695.0,538.0,395.0,7.032791108124032,1240.0,621.0,482.0,372.0,6.124541187480356,1920.0,844.0,700.0,564.0
86,2019-05-28,7.947994038654157,132.0,58.0,36.0,27.0,33.771246283401105,1899.0,651.0,454.0,279.0,17.72937827129839,23597.0,9361.0,7030.0,5016.0,7.032791108124032,3454.0,1476.0,1092.0,812.0,6.124541187480356,2416.0,1193.0,956.0,754.0
87,2019-05-29,7.947994038654157,1000.0,498.0,388.0,314.0,33.73209091508757,240.0,85.0,53.0,29.0,17.658816829204444,12524.0,5005.0,3726.0,2640.0,7.027195709791008,500.0,264.0,224.0,160.0,6.124541187480356,1640.0,852.0,683.0,537.0
88,2019-05-30,7.988245585339278,2240.0,1020.0,819.0,649.0,33.69293554677405,6595.0,2021.0,1456.0,897.0,17.588255387110493,34149.0,14353.0,10637.0,7543.0,7.021600311457987,640.0,296.0,227.0,171.0,6.124541187480356,2093.0,992.0,825.0,664.0
89,2019-05-31,8.404406559308912,2060.0,694.0,559.0,430.0,33.64911951524457,7224.0,2095.0,1507.0,984.0,17.53895445386419,16640.0,7344.0,5535.0,4012.0,7.017073015641133,3048.0,1415.0,1030.0,771.0,6.124541187480356,1479.0,693.0,570.0,432.0
90,2019-06-01,8.982944719508678,980.0,549.0,470.0,389.0,33.605303483715105,1576.0,530.0,378.0,256.0,17.498716259310118,6340.0,2849.0,2136.0,1485.0,7.012545719824282,5228.0,2672.0,1986.0,1515.0,6.124541187480356,760.0,480.0,410.0,341.0
91,2019-06-02,9.600984521471684,140.0,47.0,33.0,31.0,33.56148745218563,1340.0,409.0,304.0,184.0,17.482811177748353,1540.0,666.0,506.0,366.0,7.008018424007433,40.0,15.0,11.0,9.0,6.124541187480356,2118.0,1222.0,1051.0,905.0
92,2019-06-03,10.23433267316896,2113.0,988.0,865.0,713.0,33.517671420656164,3130.0,1006.0,751.0,487.0,17.471475665856186,3500.0,1469.0,1116.0,803.0,7.003491128190579,4180.0,1845.0,1339.0,977.0,6.124541187480356,1780.0,867.0,727.0,577.0
93,2019-06-04,10.904230836514282,682.0,306.0,256.0,195.0,33.43383080523057,1300.0,365.0,250.0,144.0,17.46625411401548,960.0,429.0,304.0,199.0,6.998963832373728,2615.0,1240.0,939.0,706.0,6.124541187480356,1180.0,561.0,451.0,350.0
94,2019-06-05,11.579377272400533,160.0,73.0,66.0,51.0,33.377529665808204,7096.0,1844.0,1257.0,742.0,17.51863409097715,21480.0,8623.0,6312.0,4445.0,7.0000319348899005,1660.0,819.0,606.0,446.0,6.124541187480356,1920.0,870.0,705.0,547.0
95,2019-06-06,12.221351745307796,160.0,80.0,52.0,50.0,33.32122852638582,1400.0,384.0,264.0,152.0,17.525300871478844,980.0,463.0,369.0,237.0,7.001100037406074,1860.0,869.0,616.0,417.0,6.124541187480356,1545.0,836.0,701.0,543.0
96,2019-06-07,12.487416790930547,240.0,77.0,67.0,46.0,33.269588050179394,820.0,286.0,220.0,156.0,17.480734551595813,7400.0,3106.0,2253.0,1602.0,7.001100037406074,440.0,199.0,145.0,113.0,6.124541187480356,1740.0,902.0,726.0,578.0
97,2019-06-08,12.59110465032317,340.0,158.0,142.0,124.0,33.21794757397296,5666.0,1729.0,1220.0,734.0,17.421134452091476,1960.0,854.0,628.0,428.0,7.001100037406074,2570.0,1171.0,872.0,638.0,6.124541187480356,1688.0,811.0,681.0,548.0
98,2019-06-09,12.655290867952546,520.0,241.0,197.0,174.0,33.166307097766534,1135.0,459.0,344.0,231.0,17.337201239594826,1580.0,680.0,497.0,336.0,7.001100037406074,20.0,10.0,7.0,6.0,6.124541187480356,380.0,156.0,124.0,94.0
99,2019-06-10,12.711650871947086,220.0,105.0,74.0,58.0,33.114666621560104,5850.0,2112.0,1358.0,841.0,17.27317915144985,2660.0,1241.0,920.0,655.0,7.001100037406074,4197.0,1880.0,1438.0,1034.0,6.124541187480356,1119.0,618.0,519.0,412.0
100,2019-06-11,12.731460864293581,200.0,88.0,76.0,50.0,33.103050729249794,640.0,188.0,120.0,63.0,17.203043103253407,2260.0,995.0,736.0,540.0,7.00005541682119,3615.0,1730.0,1332.0,977.0,6.124541187480356,2400.0,1029.0,808.0,648.0
101,2019-06-12,12.75083496879757,180.0,80.0,56.0,46.0,33.09637641521288,2040.0,608.0,430.0,259.0,17.110157598296517,9299.0,4209.0,3170.0,2276.0,6.981556175551509,4870.0,1694.0,1269.0,915.0,6.1215021288698575,2723.0,1218.0,992.0,784.0
102,2019-06-13,12.769038860810205,340.0,134.0,122.0,85.0,33.07758963088265,12357.0,4143.0,2934.0,1761.0,17.0629852897996,3440.0,1532.0,1177.0,879.0,6.963056934281827,4110.0,1616.0,1209.0,910.0,6.118463070259358,2065.0,982.0,797.0,609.0
103,2019-06-14,12.80999867118196,80.0,43.0,33.0,23.0,32.95939299954511,640.0,204.0,155.0,93.0,17.066143288742445,800.0,353.0,257.0,183.0,6.944557693012147,4023.0,1770.0,1335.0,978.0,6.115424011648855,1620.0,842.0,704.0,585.0
104,2019-06-15,12.866218564916494,140.0,48.0,44.0,30.0,32.82869676224106,1432.0,391.0,283.0,170.0,17.106758653514085,1840.0,801.0,581.0,399.0,6.923585621291124,5580.0,2437.0,1736.0,1261.0,6.112384953038355,1820.0,947.0,781.0,608.0
105,2019-06-16,12.922438458651033,2665.0,1085.0,843.0,610.0,32.69800052493702,4416.0,1440.0,1026.0,569.0,17.21821323442227,37204.0,15721.0,11658.0,8172.0,6.893473994859171,1120.0,394.0,302.0,226.0,6.109345894427854,1860.0,838.0,716.0,552.0
106,2019-06-17,12.971176216286139,400.0,146.0,115.0,70.0,32.56730428763297,140.0,41.0,25.0,17.0,17.305187121309185,620.0,250.0,165.0,120.0,6.863362368427216,4220.0,1618.0,1220.0,862.0,6.106306835817354,860.0,340.0,264.0,203.0
107,2019-06-18,13.019913973921248,80.0,43.0,35.0,28.0,32.436608050328935,880.0,272.0,196.0,125.0,17.39650096503485,260.0,117.0,96.0,70.0,6.830133550306377,3159.0,1472.0,1129.0,829.0,6.099802639042758,820.0,377.0,294.0,220.0
108,2019-06-19,13.063839346857927,4394.0,1931.0,1504.0,1061.0,32.18322089568005,80.0,22.0,13.0,11.0,17.5304441396588,3340.0,1527.0,1140.0,809.0,6.8095464478348635,1880.0,868.0,659.0,483.0,5.998826686158152,2334.0,1122.0,911.0,692.0
109,2019-06-20,13.101855348579829,1980.0,946.0,759.0,619.0,31.941946211324506,11237.0,3444.0,2351.0,1336.0,17.662519339755143,4059.0,1831.0,1329.0,963.0,6.788959345363352,1280.0,540.0,401.0,283.0,5.897850733273544,580.0,329.0,269.0,220.0
110,2019-06-21,13.117115431942608,460.0,123.0,103.0,83.0,31.800081373976266,259.0,80.0,54.0,30.0,17.79549733279645,25598.0,10689.0,7979.0,5666.0,6.768372242891839,4457.0,2155.0,1550.0,1181.0,5.790572132263009,1460.0,683.0,583.0,458.0
111,2019-06-22,13.117115431942608,100.0,36.0,35.0,30.0,31.59864005678508,460.0,162.0,117.0,65.0,17.82132212077471,7818.0,3623.0,2804.0,2063.0,6.729562209456086,5547.0,2735.0,2172.0,1594.0,5.659905461093676,1780.0,672.0,527.0,410.0
112,2019-06-23,13.117115431942608,360.0,125.0,94.0,75.0,31.380722279008253,1980.0,639.0,451.0,272.0,17.773699166801286,2080.0,841.0,621.0,431.0,6.699891730731267,1260.0,640.0,497.0,384.0,5.5122137702174845,560.0,175.0,134.0,89.0
113,2019-06-24,13.117115431942608,240.0,109.0,96.0,49.0,31.16280450123143,7909.0,2410.0,1657.0,960.0,17.729331047909668,580.0,229.0,170.0,131.0,6.9346108942481575,4265.0,1965.0,1432.0,1053.0,5.364522079341293,1620.0,625.0,497.0,388.0
114,2019-06-25,13.117115431942608,340.0,131.0,123.0,66.0,30.840226905403338,1120.0,317.0,220.0,115.0,17.6806229721793,460.0,181.0,134.0,89.0,7.1943372328138135,820.0,414.0,312.0,231.0,5.220295526629198,900.0,372.0,286.0,216.0
115,2019-06-26,13.117115431942608,220.0,113.0,89.0,65.0,30.60718684159541,,,,,17.529999663031074,31651.0,13089.0,9770.0,6920.0,8.183470013047456,2860.0,1348.0,997.0,744.0,5.173579788637612,860.0,462.0,384.0,288.0
116,2019-06-27,13.117115431942608,60.0,26.0,19.0,14.0,30.374146777787477,2215.0,931.0,677.0,457.0,17.363657609592572,1580.0,730.0,544.0,382.0,9.078609381621382,4360.0,2282.0,1765.0,1383.0,5.126864050646027,1540.0,975.0,857.0,716.0
117,2019-06-28,13.123771467508991,1020.0,506.0,404.0,323.0,30.141106713979546,5759.0,1992.0,1393.0,819.0,17.173127434822568,13276.0,5663.0,4255.0,2939.0,9.987713256456301,1380.0,532.0,381.0,258.0,5.086450960780374,1160.0,607.0,495.0,389.0
118,2019-06-29,13.130427503075365,840.0,363.0,326.0,252.0,29.980142735981055,4040.0,1211.0,814.0,517.0,17.049963544659825,1800.0,871.0,679.0,496.0,10.917512892706801,1240.0,448.0,313.0,201.0,5.069425941073511,2300.0,1264.0,1058.0,819.0
119,2019-06-30,13.137083538641749,600.0,309.0,266.0,234.0,29.83565521856821,200.0,72.0,47.0,33.0,16.93479229992185,3560.0,1572.0,1243.0,940.0,11.84877959591949,1060.0,504.0,390.0,283.0,5.069425941073511,1820.0,969.0,788.0,639.0
120,2019-07-01,13.143739574208126,1700.0,652.0,480.0,372.0,29.691167701155344,160.0,46.0,38.0,30.0,16.816366220102072,820.0,355.0,268.0,208.0,12.515656656890464,5580.0,1877.0,1298.0,884.0,5.069425941073511,4369.0,1974.0,1548.0,1172.0
121,2019-07-02,13.150395609774506,660.0,300.0,263.0,187.0,29.651340001793766,441.0,128.0,86.0,56.0,16.69794014028229,39568.0,16629.0,12353.0,8818.0,13.161688355086445,25707.0,9087.0,6620.0,4627.0,5.069425941073511,1820.0,712.0,549.0,411.0
122,2019-07-03,13.157051645340884,420.0,195.0,162.0,120.0,29.651340001793766,80.0,24.0,19.0,13.0,16.659947506844283,1677.0,829.0,656.0,471.0,13.083126516649909,2338.0,1126.0,882.0,646.0,5.069425941073511,1908.0,896.0,689.0,534.0
123,2019-07-04,13.163707680907265,2307.0,1081.0,853.0,674.0,29.651340001793766,200.0,81.0,55.0,39.0,16.595920644349672,1500.0,748.0,586.0,452.0,13.098558089873093,11791.0,4431.0,3262.0,2268.0,5.069425941073511,2752.0,1300.0,1050.0,797.0
124,2019-07-05,13.163707680907265,1739.0,816.0,644.0,485.0,29.651340001793766,11396.0,3681.0,2629.0,1640.0,16.556081903186556,27197.0,12894.0,9925.0,7433.0,13.100025156835278,120.0,72.0,52.0,37.0,5.069425941073511,1400.0,697.0,543.0,425.0
125,2019-07-06,13.163707680907265,3685.0,1494.0,1224.0,930.0,29.651340001793766,780.0,195.0,126.0,74.0,16.543744107681928,,,,,13.101492223797466,580.0,200.0,139.0,96.0,5.069425941073511,,,,
126,2019-07-07,13.163707680907265,1394.0,614.0,496.0,368.0,29.651340001793766,779.0,204.0,148.0,99.0,16.541405916228012,,,,,13.098892513601525,2040.0,785.0,556.0,371.0,5.069425941073511,1869.0,996.0,830.0,662.0
127,2019-07-08,13.163707680907265,4183.0,1780.0,1407.0,1084.0,29.651340001793766,60.0,24.0,15.0,11.0,16.557560475694217,1900.0,831.0,619.0,486.0,13.071244147646778,1358.0,654.0,502.0,377.0,5.069425941073511,1785.0,829.0,668.0,520.0
128,2019-07-09,13.163707680907265,780.0,274.0,220.0,170.0,29.651340001793766,1200.0,288.0,191.0,120.0,16.573715035160426,580.0,243.0,187.0,134.0,13.011117990947735,2000.0,827.0,589.0,416.0,5.069425941073511,1578.0,752.0,589.0,470.0
129,2019-07-10,13.163707680907265,560.0,231.0,178.0,143.0,29.651340001793766,300.0,92.0,61.0,35.0,16.586478717976075,3309.0,1409.0,1038.0,779.0,12.901014548756098,1320.0,485.0,359.0,256.0,5.069425941073511,1268.0,678.0,527.0,416.0
130,2019-07-11,13.163707680907265,2080.0,755.0,586.0,439.0,29.651340001793766,6182.0,2007.0,1426.0,864.0,16.637758352558958,,,,,12.768861104386573,14160.0,5355.0,3944.0,2713.0,5.069425941073511,1420.0,634.0,486.0,361.0
131,2019-07-12,13.163707680907265,2040.0,651.0,504.0,372.0,29.651340001793766,20.0,7.0,4.0,4.0,16.679989764600922,40.0,22.0,19.0,14.0,12.636707660017047,1519.0,572.0,409.0,261.0,5.069425941073511,1016.0,463.0,372.0,283.0
132,2019-07-13,13.163707680907265,1360.0,848.0,763.0,662.0,29.651340001793766,1980.0,616.0,415.0,251.0,16.69472023098439,920.0,418.0,321.0,230.0,12.504554215647516,23834.0,10916.0,8168.0,6061.0,5.069425941073511,,,,
133,2019-07-14,13.163707680907265,1360.0,553.0,461.0,352.0,29.651340001793766,5888.0,1908.0,1371.0,879.0,16.69786947202407,900.0,406.0,298.0,213.0,12.375000481473934,3440.0,1285.0,909.0,636.0,5.069425941073511,2950.0,1271.0,1045.0,825.0
134,2019-07-15,13.163707680907265,2229.0,896.0,680.0,513.0,29.651340001793766,20.0,7.0,5.0,1.0,16.691236868158608,,,,,12.270495403059154,500.0,177.0,125.0,96.0,5.069425941073511,1040.0,469.0,381.0,284.0
135,2019-07-16,13.163707680907265,1460.0,503.0,399.0,283.0,29.651340001793766,6983.0,2312.0,1639.0,1013.0,16.674941541123818,880.0,359.0,260.0,188.0,12.158737810622457,1780.0,617.0,454.0,317.0,5.069425941073511,1000.0,514.0,407.0,311.0
136,2019-07-17,13.163707680907265,700.0,247.0,199.0,135.0,29.651340001793766,240.0,93.0,69.0,46.0,16.66363900363783,,,,,12.096957503678356,6416.0,3084.0,2345.0,1769.0,5.069425941073511,1380.0,667.0,541.0,427.0
137,2019-07-18,13.163707680907265,1660.0,548.0,422.0,329.0,29.651340001793766,440.0,141.0,105.0,52.0,16.65526595666479,,,,,12.043673765342081,200.0,67.0,51.0,31.0,5.069425941073511,2156.0,1107.0,925.0,716.0
138,2019-07-19,13.163707680907265,460.0,202.0,163.0,123.0,29.651340001793766,3160.0,1087.0,771.0,490.0,16.655941132232662,1140.0,443.0,328.0,243.0,11.99039002700581,3357.0,1395.0,1054.0,771.0,5.069425941073511,1940.0,947.0,748.0,565.0
139,2019-07-20,13.163707680907265,1689.0,668.0,560.0,443.0,29.651340001793766,100.0,47.0,30.0,22.0,16.67691852904561,,,,,11.937106288669536,,,,,5.069425941073511,1719.0,815.0,644.0,509.0
140,2019-07-21,13.163707680907265,1599.0,654.0,510.0,400.0,29.651340001793766,3734.0,1299.0,920.0,634.0,16.699802758597535,,,,,11.883822550333266,5801.0,2584.0,1935.0,1416.0,5.069425941073511,1797.0,826.0,675.0,536.0
141,2019-07-22,13.163707680907265,880.0,277.0,216.0,162.0,29.651340001793766,7605.0,2635.0,1894.0,1143.0,16.713976082134476,,,,,11.830538811996991,1940.0,808.0,602.0,461.0,5.069425941073511,1777.0,596.0,495.0,386.0
142,2019-07-23,13.163707680907265,1359.0,378.0,309.0,234.0,29.651340001793766,20.0,9.0,7.0,5.0,16.737812128840734,640.0,282.0,204.0,138.0,11.807374917087591,2060.0,758.0,588.0,426.0,5.069425941073511,1651.0,785.0,650.0,519.0
143,2019-07-24,13.163707680907265,2441.0,749.0,603.0,439.0,29.651340001793766,3404.0,1078.0,738.0,446.0,16.728458122324493,2040.0,834.0,625.0,468.0,11.672700307722216,2040.0,830.0,606.0,415.0,5.065260966726194,1480.0,748.0,615.0,490.0
144,2019-07-25,13.163707680907265,980.0,386.0,297.0,237.0,29.651340001793766,1820.0,632.0,439.0,256.0,16.727858364316894,3780.0,1646.0,1255.0,897.0,11.399334218947375,9060.0,3701.0,2682.0,1933.0,5.059196342885589,1645.0,771.0,658.0,533.0
145,2019-07-26,13.163707680907265,1900.0,797.0,660.0,538.0,29.651340001793766,1520.0,499.0,353.0,212.0,16.721797383664967,1260.0,555.0,430.0,312.0,11.092335996645184,760.0,359.0,283.0,194.0,5.053131719044985,,,,
146,2019-07-27,13.163707680907265,1180.0,525.0,431.0,331.0,29.651340001793766,20.0,15.0,9.0,6.0,16.705373683577466,,,,,10.631118230050284,20.0,6.0,4.0,2.0,5.0470670952043815,1020.0,449.0,374.0,297.0
147,2019-07-28,13.163707680907265,1528.0,575.0,477.0,356.0,29.651340001793766,5414.0,1924.0,1393.0,888.0,16.694194771861202,4160.0,1513.0,1151.0,831.0,10.125990554195367,5518.0,2327.0,1684.0,1142.0,5.041002471363777,1328.0,665.0,548.0,424.0
148,2019-07-29,13.163707680907265,1540.0,624.0,487.0,371.0,29.651340001793766,3231.0,1104.0,765.0,455.0,16.683015860144938,,,,,9.609998695254406,27854.0,11931.0,8822.0,6475.0,5.034937847523173,1600.0,655.0,533.0,405.0
149,2019-07-30,13.163707680907265,1840.0,860.0,702.0,541.0,29.651340001793766,40.0,14.0,14.0,8.0,16.687758654197463,860.0,403.0,310.0,219.0,9.084083587474119,580.0,232.0,176.0,128.0,5.028873223682568,3434.0,1854.0,1556.0,1257.0
150,2019-07-31,13.163707680907265,1160.0,453.0,353.0,279.0,29.651340001793766,1820.0,789.0,603.0,423.0,16.745158710902597,1100.0,499.0,381.0,275.0,8.598495825917862,3011.0,1205.0,968.0,726.0,5.026973574189285,,,,
151,2019-08-01,13.163707680907265,4866.0,2216.0,1816.0,1369.0,29.651340001793766,45609.0,18615.0,13530.0,8379.0,16.77553720857408,,,,,8.260267983657629,7158.0,2462.0,1796.0,1210.0,5.026973574189285,4660.0,2417.0,1993.0,1526.0
152,2019-08-02,13.163707680907265,1140.0,442.0,363.0,276.0,29.651340001793766,60.0,28.0,21.0,11.0,16.81137692888989,,,,,7.955672274924746,,,,,5.026973574189285,2983.0,1586.0,1336.0,1093.0
153,2019-08-03,13.163707680907265,1040.0,469.0,387.0,298.0,29.651340001793766,40.0,12.0,11.0,6.0,16.837277147396193,1880.0,805.0,596.0,441.0,7.803203757683695,1071.0,388.0,275.0,191.0,5.026973574189285,2220.0,1127.0,932.0,737.0
154,2019-08-04,13.163707680907265,3172.0,1336.0,1060.0,799.0,29.651340001793766,440.0,147.0,102.0,66.0,16.852223246475738,,,,,7.694645149702665,7761.0,2547.0,1796.0,1238.0,5.026973574189285,1360.0,529.0,434.0,357.0
155,2019-08-05,13.163707680907265,1840.0,627.0,434.0,308.0,29.651340001793766,4758.0,1399.0,974.0,527.0,16.870920980491313,1539.0,668.0,464.0,326.0,7.600381387741065,1980.0,737.0,551.0,405.0,5.026973574189285,2354.0,1034.0,852.0,643.0
156,2019-08-06,13.163707680907265,3192.0,1012.0,743.0,523.0,29.651340001793766,560.0,198.0,145.0,92.0,16.873697008738098,1800.0,882.0,677.0,491.0,7.525651335958129,2400.0,866.0,640.0,441.0,5.026973574189285,2426.0,1170.0,971.0,756.0
157,2019-08-07,13.163707680907265,2953.0,1036.0,797.0,571.0,29.651340001793766,3439.0,1074.0,786.0,498.0,16.83593919863033,,,,,7.511196045797478,6860.0,3119.0,2339.0,1688.0,5.026973574189285,1820.0,834.0,698.0,569.0
158,2019-08-08,13.163707680907265,5594.0,2012.0,1505.0,1072.0,29.651340001793766,2040.0,723.0,542.0,392.0,16.816183952624982,100.0,42.0,32.0,24.0,7.501625749320333,5738.0,2240.0,1656.0,1155.0,5.026973574189285,1660.0,851.0,698.0,545.0
159,2019-08-09,13.167355360356982,2180.0,924.0,749.0,574.0,29.651340001793766,100.0,35.0,27.0,16.0,16.769028391076017,1140.0,515.0,379.0,254.0,7.502070583151299,4980.0,2137.0,1613.0,1099.0,5.026973574189285,,,,
160,2019-08-10,13.171003039806704,,,,,29.651340001793766,300.0,101.0,74.0,45.0,16.72187282952705,240.0,112.0,81.0,67.0,7.504607769783138,738.0,388.0,292.0,215.0,5.026973574189285,1662.0,926.0,750.0,604.0
161,2019-08-11,13.17465071925642,2320.0,883.0,680.0,472.0,29.651340001793766,2020.0,738.0,526.0,318.0,16.677106724042392,,,,,7.507144956414976,2200.0,883.0,675.0,492.0,5.026973574189285,1386.0,755.0,636.0,490.0
162,2019-08-12,13.178298398706144,664.0,227.0,180.0,129.0,29.651340001793766,1596.0,611.0,419.0,246.0,16.678527110814404,360.0,163.0,122.0,93.0,7.5079155221166465,1980.0,817.0,613.0,455.0,5.026973574189285,1486.0,820.0,690.0,571.0
163,2019-08-13,13.181946078155859,4135.0,1620.0,1285.0,968.0,29.651340001793766,60.0,20.0,13.0,11.0,16.68185290091548,40.0,15.0,13.0,10.0,7.501082695425651,1660.0,659.0,472.0,321.0,5.026973574189285,1780.0,943.0,783.0,631.0
164,2019-08-14,13.185593757605579,1520.0,489.0,386.0,283.0,29.651340001793766,6477.0,2494.0,1788.0,1108.0,16.706245319940994,,,,,7.505158475344313,1680.0,550.0,395.0,275.0,5.026973574189285,1780.0,846.0,675.0,537.0
165,2019-08-15,13.189241437055301,1580.0,676.0,512.0,384.0,29.651340001793766,300.0,107.0,77.0,44.0,16.733077990983432,480.0,228.0,181.0,136.0,7.512595861173394,640.0,235.0,166.0,111.0,5.026973574189285,1780.0,887.0,729.0,598.0
166,2019-08-16,13.189241437055301,6872.0,2816.0,2179.0,1661.0,29.651340001793766,1940.0,709.0,507.0,329.0,16.787310977569494,680.0,293.0,229.0,167.0,7.510018116694367,5468.0,2305.0,1733.0,1276.0,5.026973574189285,1053.0,469.0,390.0,308.0
167,2019-08-17,13.189241437055301,3051.0,1211.0,945.0,704.0,29.651340001793766,4656.0,1498.0,1002.0,599.0,16.84154396415555,460.0,241.0,193.0,142.0,7.504005220028692,1380.0,594.0,437.0,305.0,5.026973574189285,5585.0,3113.0,2685.0,2256.0
168,2019-08-18,13.189241437055301,5092.0,2158.0,1741.0,1310.0,29.651340001793766,,,,,16.8933874946773,1400.0,586.0,418.0,300.0,7.497992323363017,4398.0,1888.0,1420.0,1021.0,5.026973574189285,4471.0,2192.0,1891.0,1545.0
169,2019-08-19,13.207509683117065,2319.0,849.0,633.0,462.0,29.651340001793766,4756.0,1619.0,1104.0,606.0,16.89855339900269,,,,,7.473506215500136,1580.0,659.0,508.0,369.0,5.026973574189285,2760.0,1315.0,1083.0,861.0
170,2019-08-20,13.225777929178829,3320.0,1249.0,908.0,637.0,29.651340001793766,3702.0,1599.0,1158.0,761.0,16.90181389999902,,,,,7.452142823653707,2840.0,1106.0,824.0,590.0,5.026973574189285,5289.0,2643.0,2101.0,1651.0
171,2019-08-21,13.251959242051043,,,,,29.651340001793766,40.0,21.0,19.0,10.0,16.871907930691144,,,,,7.3099552537587025,6892.0,2583.0,1925.0,1361.0,5.026973574189285,3160.0,1603.0,1311.0,1013.0
172,2019-08-22,13.278140554923256,,,,,29.651340001793766,1960.0,673.0,492.0,306.0,16.962016181611215,1100.0,523.0,393.0,289.0,7.242014915784,80.0,34.0,26.0,19.0,5.026973574189285,5054.0,2625.0,2198.0,1736.0
173,2019-08-23,13.304321867795467,3091.0,1178.0,942.0,722.0,29.651340001793766,,,,,16.789457408999773,1760.0,836.0,632.0,447.0,7.1684952594503155,17496.0,8148.0,6227.0,4599.0,5.026973574189285,3464.0,1868.0,1560.0,1254.0
174,2019-08-24,13.330503180667677,2037.0,803.0,644.0,487.0,29.651340001793766,980.0,423.0,328.0,226.0,16.635522445678095,32718.0,14634.0,10995.0,7820.0,7.109774975788997,,,,,5.026973574189285,2982.0,1776.0,1505.0,1248.0
175,2019-08-25,13.356684493539893,1780.0,850.0,710.0,571.0,29.651340001793766,8653.0,3362.0,2403.0,1502.0,16.47393899054174,4019.0,1872.0,1424.0,1041.0,7.0942591549521214,6196.0,2923.0,2249.0,1675.0,5.026973574189285,1481.0,872.0,719.0,592.0
176,2019-08-26,13.3748183123563,5765.0,2398.0,1964.0,1488.0,29.651340001793766,6822.0,2441.0,1711.0,989.0,16.452360224582467,2800.0,1283.0,960.0,680.0,7.094914662789379,5438.0,2536.0,1907.0,1388.0,5.026973574189285,1350.0,720.0,605.0,452.0
177,2019-08-27,13.392952131172704,1820.0,758.0,585.0,437.0,29.651340001793766,2500.0,820.0,579.0,377.0,16.432461687249074,5419.0,2435.0,1844.0,1311.0,6.945900794747835,5483.0,2495.0,1793.0,1284.0,5.026973574189285,560.0,287.0,249.0,200.0
178,2019-08-28,13.403172883178668,1880.0,735.0,573.0,405.0,29.651340001793766,7659.0,2567.0,1762.0,1063.0,16.451830033203894,29316.0,13066.0,9881.0,7212.0,6.9129520943506755,900.0,384.0,306.0,218.0,5.026973574189285,2440.0,1376.0,1168.0,953.0
179,2019-08-29,13.417002881162045,900.0,403.0,334.0,253.0,29.651340001793766,1460.0,436.0,325.0,201.0,16.328123714625402,,,,,6.788193617838137,1360.0,540.0,410.0,289.0,5.026973574189285,1554.0,859.0,719.0,578.0
180,2019-08-30,13.452638223111633,1678.0,757.0,607.0,457.0,29.651340001793766,140.0,44.0,33.0,21.0,16.467084419578413,1260.0,596.0,461.0,338.0,6.6692343258756415,4516.0,1988.0,1423.0,1028.0,5.026973574189285,2333.0,1101.0,892.0,703.0
181,2019-08-31,13.491739561304117,1855.0,854.0,689.0,540.0,29.651340001793766,4765.0,1575.0,1082.0,666.0,16.58742131524167,15640.0,6765.0,5187.0,3698.0,6.58103878858604,4010.0,1788.0,1286.0,971.0,5.026973574189285,1687.0,916.0,748.0,627.0
182,2019-09-01,13.544689109699275,1727.0,789.0,630.0,468.0,29.651340001793766,3495.0,1157.0,830.0,512.0,16.715406702719605,440.0,211.0,180.0,131.0,6.481001210260723,558.0,281.0,212.0,154.0,5.026973574189285,1315.0,732.0,620.0,514.0
183,2019-09-02,13.587417906088474,1578.0,689.0,534.0,401.0,29.651340001793766,700.0,261.0,197.0,144.0,16.72553557401488,,,,,6.398066747043799,1200.0,536.0,376.0,281.0,5.026973574189285,2027.0,1152.0,993.0,778.0
184,2019-09-03,13.630146702477678,1120.0,480.0,381.0,274.0,29.651340001793766,1020.0,345.0,239.0,152.0,16.733984216684274,2920.0,1310.0,981.0,712.0,6.469282336081891,,,,,5.026973574189285,1226.0,645.0,524.0,420.0
185,2019-09-04,13.672875498866874,1880.0,666.0,532.0,362.0,29.651340001793766,40.0,16.0,14.0,8.0,16.706301802136245,3080.0,1299.0,985.0,696.0,6.534816833848931,2900.0,1258.0,969.0,682.0,5.026973574189285,3418.0,1565.0,1293.0,987.0
186,2019-09-05,13.711995049278658,999.0,369.0,285.0,224.0,29.651340001793766,8019.0,2874.0,2119.0,1304.0,16.70167983189359,,,,,6.612141471414795,1278.0,512.0,400.0,278.0,5.026973574189285,1032.0,393.0,329.0,254.0
187,2019-09-06,13.736835958122098,1420.0,579.0,448.0,321.0,29.651340001793766,1199.0,407.0,306.0,190.0,16.69132363802938,1657.0,716.0,568.0,403.0,6.493038678548621,5003.0,1831.0,1379.0,962.0,5.026973574189285,2300.0,1044.0,866.0,680.0
188,2019-09-07,13.758210870722639,1440.0,578.0,474.0,356.0,29.651340001793766,580.0,205.0,158.0,104.0,16.68096744416517,,,,,6.331807910523831,3678.0,1436.0,1101.0,764.0,5.026973574189285,,,,
189,2019-09-08,13.776232605156796,580.0,188.0,164.0,123.0,29.651340001793766,5407.0,1679.0,1268.0,778.0,16.636572656947827,15573.0,7411.0,5881.0,4402.0,6.136348701830656,2220.0,877.0,672.0,470.0,5.026973574189285,960.0,471.0,385.0,295.0
190,2019-09-09,13.794254339590953,1240.0,421.0,307.0,231.0,29.651340001793766,860.0,277.0,191.0,113.0,16.566769195739734,919.0,442.0,342.0,249.0,5.924424218548938,1000.0,372.0,294.0,211.0,5.026973574189285,420.0,199.0,159.0,122.0
191,2019-09-10,14.049321068898957,3932.0,1379.0,1060.0,772.0,29.651340001793766,1935.0,648.0,449.0,283.0,16.50598781365735,1200.0,467.0,340.0,237.0,5.713854750597499,1260.0,502.0,382.0,291.0,5.026973574189285,1936.0,1060.0,871.0,686.0
192,2019-09-11,14.46546910554192,560.0,211.0,151.0,108.0,29.651340001793766,1120.0,368.0,258.0,148.0,16.475237075808376,9419.0,3886.0,2882.0,2022.0,5.5149696129822265,,,,,5.026973574189285,4075.0,1836.0,1503.0,1131.0
193,2019-09-12,14.88161714218488,780.0,343.0,279.0,201.0,29.651340001793766,1980.0,803.0,601.0,395.0,16.40583523691701,2140.0,1039.0,800.0,600.0,5.318495273852785,5775.0,2484.0,1896.0,1374.0,5.026973574189285,3620.0,1917.0,1609.0,1333.0
194,2019-09-13,15.335944704945021,3019.0,1314.0,1037.0,754.0,29.651340001793766,7660.0,2389.0,1627.0,985.0,16.3421676216472,,,,,5.318864605477486,9160.0,4695.0,3665.0,2657.0,5.026973574189285,16516.0,9448.0,7923.0,6294.0
195,2019-09-14,15.82560839838546,900.0,383.0,298.0,220.0,29.651340001793766,1760.0,625.0,435.0,278.0,16.281072677387883,8019.0,3365.0,2460.0,1746.0,5.315652364509459,7291.0,3115.0,2339.0,1685.0,5.026973574189285,3938.0,2086.0,1731.0,1383.0
196,2019-09-15,16.304777059789615,,,,,29.651340001793766,3800.0,1568.0,1185.0,772.0,16.254016326481697,1860.0,814.0,610.0,436.0,5.315306142421093,2259.0,892.0,669.0,447.0,5.026973574189285,3492.0,1629.0,1322.0,1041.0
197,2019-09-16,16.97533458505088,1880.0,672.0,548.0,438.0,29.651340001793766,700.0,291.0,223.0,144.0,16.232248343870562,4559.0,1765.0,1342.0,926.0,5.318254074348354,,,,,5.026973574189285,140.0,66.0,52.0,42.0
198,2019-09-17,17.431610810477558,1580.0,628.0,506.0,343.0,29.651340001793766,920.0,311.0,225.0,139.0,16.20145828213371,2460.0,979.0,721.0,491.0,5.320399345646644,3900.0,1607.0,1150.0,823.0,5.026973574189285,2443.0,1116.0,918.0,705.0
199,2019-09-18,17.73173410635785,1440.0,590.0,500.0,388.0,29.651340001793766,1480.0,508.0,361.0,225.0,16.170668220396866,2459.0,1105.0,817.0,580.0,5.321953390423022,1880.0,705.0,530.0,396.0,5.026973574189285,2903.0,1328.0,1118.0,863.0
200,2019-09-19,18.055700689466452,2180.0,860.0,706.0,492.0,29.651340001793766,5274.0,1892.0,1368.0,802.0,16.192839712336323,46111.0,19792.0,14870.0,10523.0,5.323507435199399,3893.0,1705.0,1139.0,827.0,5.026973574189285,2020.0,776.0,607.0,464.0
201,2019-09-20,18.33396104406,4059.0,1541.0,1257.0,940.0,29.651340001793766,9659.0,2182.0,1392.0,784.0,16.15808068617579,24814.0,10843.0,8168.0,5917.0,5.350102143803245,5613.0,2343.0,1607.0,1159.0,5.026973574189285,2589.0,1114.0,914.0,720.0
202,2019-09-21,18.576885267973253,180.0,70.0,51.0,42.0,29.651340001793766,1800.0,532.0,369.0,237.0,16.120748989004763,,,,,5.380278424999819,4759.0,2141.0,1637.0,1190.0,5.026973574189285,920.0,598.0,509.0,421.0
203,2019-09-22,18.8238635296709,1620.0,555.0,427.0,323.0,29.651340001793766,1140.0,344.0,253.0,151.0,16.07904590519064,8939.0,3911.0,2890.0,2086.0,5.4177998177537665,1499.0,734.0,557.0,436.0,5.026973574189285,2351.0,1360.0,1150.0,909.0
204,2019-09-23,18.9264167776688,5555.0,2045.0,1545.0,1149.0,29.651340001793766,979.0,257.0,168.0,85.0,16.054273722790708,840.0,398.0,295.0,199.0,5.452027056492093,4394.0,2006.0,1482.0,1055.0,5.026973574189285,2100.0,1119.0,912.0,728.0
205,2019-09-24,19.00620633062743,1820.0,725.0,582.0,422.0,29.651340001793766,4459.0,1138.0,778.0,435.0,16.02950154039078,1120.0,520.0,378.0,277.0,5.485701940529108,6426.0,2759.0,2104.0,1570.0,5.026973574189285,2612.0,1244.0,1013.0,814.0
206,2019-09-25,19.081067505797485,1799.0,724.0,576.0,433.0,29.651340001793766,39835.0,9388.0,6163.0,3567.0,15.998398387832596,10040.0,4531.0,3433.0,2470.0,5.5158338509280105,2280.0,1174.0,862.0,644.0,5.026973574189285,1902.0,1060.0,852.0,680.0
207,2019-09-26,19.142735441253137,5400.0,2192.0,1691.0,1139.0,29.651340001793766,920.0,196.0,125.0,70.0,15.924324786320426,15479.0,6490.0,4805.0,3332.0,5.545965761326912,5346.0,2495.0,1913.0,1420.0,5.026973574189285,1628.0,940.0,791.0,645.0
208,2019-09-27,19.2044033767088,1320.0,568.0,446.0,332.0,29.651340001793766,820.0,205.0,133.0,82.0,15.907181702908245,4400.0,1812.0,1335.0,919.0,5.550420901385182,15518.0,6688.0,5128.0,3652.0,5.026973574189285,200.0,102.0,89.0,67.0
209,2019-09-28,19.26607131216445,3033.0,1233.0,954.0,749.0,29.651340001793766,760.0,216.0,142.0,85.0,15.886124267595322,5858.0,2546.0,1912.0,1363.0,5.563049868496157,9610.0,4278.0,3286.0,2384.0,5.026973574189285,1256.0,723.0,618.0,514.0
210,2019-09-29,19.323685209835702,4197.0,1631.0,1282.0,970.0,29.651340001793766,18834.0,4647.0,3148.0,1778.0,15.869334065424725,1819.0,857.0,655.0,485.0,5.568333724049755,15164.0,7434.0,6023.0,4701.0,5.026973574189285,1279.0,770.0,657.0,557.0
211,2019-09-30,19.33433525734961,940.0,474.0,386.0,333.0,29.651340001793766,2560.0,706.0,486.0,320.0,15.850475647448318,18678.0,7972.0,5971.0,4291.0,5.573617579603355,11694.0,5246.0,4075.0,3004.0,5.026973574189285,1325.0,739.0,631.0,525.0
212,2019-10-01,19.344985304863513,2240.0,677.0,534.0,364.0,29.651340001793766,3198.0,1049.0,779.0,464.0,15.831617229471906,23536.0,10378.0,7791.0,5688.0,5.578901435156952,22032.0,7624.0,5607.0,3827.0,5.026973574189285,1320.0,625.0,488.0,355.0
213,2019-10-02,19.355635352377398,7380.0,2533.0,1963.0,1360.0,29.651340001793766,760.0,212.0,151.0,103.0,15.823837354295735,840.0,399.0,286.0,210.0,5.586555451229583,7319.0,2791.0,2096.0,1489.0,5.026973574189285,1963.0,843.0,685.0,498.0
214,2019-10-03,19.355635352377398,3587.0,1667.0,1339.0,987.0,29.651340001793766,3380.0,972.0,657.0,401.0,15.84471747543964,600.0,257.0,191.0,147.0,5.594209467302213,10083.0,3980.0,3000.0,2108.0,5.026973574189285,2711.0,1312.0,1073.0,840.0
215,2019-10-04,19.355635352377398,2020.0,739.0,564.0,415.0,29.651340001793766,22959.0,6264.0,4268.0,2541.0,15.859576315947185,1020.0,367.0,283.0,201.0,5.602808713271148,15599.0,7126.0,5353.0,4003.0,5.026973574189285,,,,
216,2019-10-05,19.355635352377398,5503.0,2103.0,1615.0,1158.0,29.651340001793766,160.0,53.0,38.0,19.0,15.878349508355468,9919.0,4226.0,3127.0,2365.0,5.603234132187378,9014.0,4322.0,3380.0,2517.0,5.026973574189285,1080.0,562.0,470.0,365.0
217,2019-10-06,19.355635352377398,,,,,29.651340001793766,900.0,275.0,206.0,125.0,15.897226854264519,1980.0,987.0,765.0,569.0,5.6036595511036085,10038.0,4678.0,3577.0,2608.0,5.026973574189285,1847.0,1046.0,889.0,692.0
218,2019-10-07,19.355635352377398,8210.0,2633.0,2013.0,1418.0,29.651340001793766,5560.0,1810.0,1346.0,815.0,15.944485470383453,3940.0,1797.0,1365.0,1045.0,5.604084970019839,13762.0,6049.0,4771.0,3474.0,5.026973574189285,1728.0,891.0,741.0,585.0
219,2019-10-08,19.355635352377398,4819.0,1349.0,989.0,679.0,29.651340001793766,1060.0,352.0,251.0,130.0,15.976645456448887,4420.0,1682.0,1290.0,891.0,5.599889841503719,7710.0,3428.0,2682.0,1912.0,5.026973574189285,911.0,496.0,402.0,318.0
220,2019-10-09,19.355635352377398,1680.0,576.0,441.0,306.0,29.651340001793766,1900.0,535.0,380.0,211.0,15.990823383440347,1940.0,866.0,655.0,480.0,5.564583645124769,10313.0,4569.0,3466.0,2482.0,5.026973574189285,1276.0,732.0,573.0,424.0
221,2019-10-10,19.355635352377398,1020.0,318.0,244.0,163.0,29.651340001793766,820.0,196.0,141.0,74.0,16.004692464784974,2980.0,1296.0,998.0,727.0,5.526808376646931,11443.0,5300.0,4010.0,2957.0,5.026973574189285,1435.0,761.0,626.0,513.0
222,2019-10-11,19.355635352377398,2811.0,1129.0,914.0,638.0,29.651340001793766,680.0,234.0,180.0,112.0,16.024582826765965,2500.0,1153.0,873.0,612.0,5.488087878272789,14693.0,7002.0,5470.0,4030.0,5.026973574189285,,,,
223,2019-10-12,19.355635352377398,4596.0,1594.0,1199.0,852.0,29.651340001793766,3479.0,1117.0,800.0,530.0,16.057587474896206,5120.0,2270.0,1697.0,1228.0,5.451088986577577,8974.0,4064.0,3149.0,2329.0,5.026973574189285,1681.0,793.0,667.0,539.0
224,2019-10-13,19.355635352377398,560.0,224.0,178.0,120.0,29.651340001793766,6400.0,1821.0,1300.0,737.0,16.09059212302645,6600.0,2824.0,2111.0,1487.0,5.414090094882367,9228.0,4167.0,3068.0,2224.0,5.026973574189285,2112.0,1064.0,891.0,708.0
225,2019-10-14,19.355635352377398,1840.0,684.0,559.0,405.0,29.651340001793766,7414.0,2261.0,1602.0,994.0,16.079472089606885,7417.0,3471.0,2657.0,1968.0,5.36281949214625,4282.0,1934.0,1433.0,1037.0,5.026973574189285,458.0,213.0,168.0,125.0
226,2019-10-15,19.355635352377398,1459.0,570.0,458.0,348.0,29.651340001793766,7717.0,2454.0,1702.0,1076.0,16.12519678441236,12300.0,5847.0,4405.0,3210.0,5.323753255788321,7515.0,3528.0,2734.0,2025.0,5.026973574189285,2020.0,1003.0,804.0,647.0
227,2019-10-16,19.355635352377398,960.0,327.0,246.0,167.0,29.651340001793766,30887.0,11626.0,8374.0,5173.0,16.216918248185106,1479.0,676.0,523.0,381.0,5.299919903317175,52504.0,23721.0,17972.0,12755.0,5.1612954635454695,4040.0,1869.0,1517.0,1132.0
228,2019-10-17,19.355635352377398,2080.0,789.0,549.0,392.0,29.651340001793766,1719.0,532.0,384.0,215.0,16.308948557604687,52090.0,23486.0,17628.0,12890.0,5.276759920056927,3200.0,1310.0,985.0,690.0,5.295617352901656,4166.0,2034.0,1643.0,1254.0
229,2019-10-18,19.355635352377398,2140.0,736.0,589.0,445.0,29.651340001793766,7883.0,2478.0,1813.0,1138.0,16.332943484145037,1579.0,648.0,487.0,357.0,5.250586799217465,5850.0,2520.0,1876.0,1366.0,5.453763889244204,,,,
230,2019-10-19,19.355635352377398,680.0,283.0,233.0,175.0,29.651340001793766,7673.0,2546.0,1875.0,1147.0,16.343824124536134,2160.0,1044.0,827.0,612.0,5.223661594648509,4195.0,1797.0,1332.0,946.0,5.622861359878613,2200.0,1070.0,860.0,698.0
231,2019-10-20,19.355635352377398,1006.0,384.0,299.0,203.0,29.651340001793766,658.0,248.0,190.0,135.0,16.453200256687218,1900.0,805.0,607.0,450.0,5.188968100271923,1060.0,550.0,445.0,342.0,5.799155436477867,,,,
232,2019-10-21,19.355635352377398,,,,,29.651340001793766,,,,,16.542607080420627,2000.0,1025.0,811.0,612.0,5.140494262286174,,,,,5.979798879637429,1740.0,688.0,545.0,406.0
233,2019-10-22,19.353700186865805,1740.0,547.0,413.0,291.0,29.651340001793766,,,,,16.426764761692347,1960.0,882.0,628.0,459.0,4.93679464825332,5253.0,2218.0,1617.0,1170.0,6.163515807897902,1037.0,482.0,393.0,300.0
234,2019-10-23,19.351765021354197,1580.0,590.0,454.0,360.0,29.651340001793766,5139.0,1703.0,1182.0,690.0,16.2441682356345,1880.0,802.0,600.0,436.0,4.697484458240568,5547.0,2444.0,1782.0,1313.0,6.2129108468021865,,,,
235,2019-10-24,19.349829855842604,1918.0,705.0,537.0,408.0,29.651340001793766,1040.0,345.0,250.0,172.0,16.04748737800633,42473.0,19822.0,15124.0,11172.0,4.458082409335953,1678.0,801.0,609.0,453.0,6.262305885706472,1300.0,502.0,390.0,280.0
236,2019-10-25,19.347894690331,2700.0,1143.0,892.0,645.0,29.651340001793766,300.0,79.0,59.0,37.0,15.918246638018378,1840.0,928.0,718.0,536.0,4.23257262072,7992.0,3562.0,2711.0,1954.0,6.287876277624396,1400.0,611.0,478.0,360.0
237,2019-10-26,19.345959524819392,1396.0,546.0,438.0,318.0,29.651340001793766,,,,,16.164230138075016,760.0,334.0,249.0,175.0,3.9676480718411966,8297.0,4020.0,3066.0,2351.0,6.3024957352504565,2603.0,1190.0,985.0,763.0
238,2019-10-27,19.33367565566841,1207.0,430.0,348.0,249.0,29.651340001793766,840.0,256.0,176.0,107.0,16.318041250992927,1960.0,1012.0,763.0,560.0,3.8503930171369705,1879.0,923.0,698.0,496.0,6.309918586911673,,,,
239,2019-10-28,19.32139178651744,20.0,5.0,5.0,5.0,29.651340001793766,,,,,16.55158445541264,1880.0,892.0,670.0,500.0,3.839955146470845,920.0,374.0,281.0,202.0,6.317673988009387,1769.0,860.0,715.0,568.0
240,2019-10-29,19.306328105493048,3386.0,1277.0,975.0,707.0,29.651340001793766,1080.0,272.0,176.0,114.0,16.947605680107372,1280.0,535.0,408.0,306.0,3.982663143713765,120.0,47.0,33.0,17.0,6.324027480102246,1727.0,777.0,638.0,508.0
241,2019-10-30,19.262524727661415,460.0,143.0,110.0,85.0,29.651340001793766,800.0,259.0,185.0,105.0,17.199974015279825,,,,,4.177379711892709,,,,,6.330380972195103,2167.0,1069.0,889.0,722.0
242,2019-10-31,19.218721349829785,620.0,266.0,209.0,184.0,29.651340001793766,1254.0,411.0,295.0,180.0,17.4536610126491,,,,,4.3739838418515085,,,,,6.336734464287963,,,,
243,2019-11-01,19.17491797199816,8748.0,2515.0,1929.0,1436.0,29.651340001793766,1040.0,387.0,268.0,162.0,17.707145590662343,3380.0,1607.0,1263.0,922.0,4.564471470564642,,,,,6.346741848101607,,,,
244,2019-11-02,19.13111459416652,2875.0,877.0,684.0,494.0,29.651340001793766,1160.0,363.0,271.0,174.0,17.652854226510637,,,,,4.793831522040337,1240.0,587.0,451.0,323.0,6.3567492319152485,,,,
245,2019-11-03,19.097659919974266,1966.0,679.0,531.0,407.0,29.651340001793766,,,,,17.75662217282854,,,,,4.881561726760077,840.0,398.0,295.0,223.0,6.366756615728892,,,,
246,2019-11-04,19.06420524578201,3088.0,1019.0,808.0,597.0,29.651340001793766,2140.0,758.0,564.0,357.0,17.796219693498806,1100.0,493.0,387.0,289.0,4.890526802091786,1352.0,612.0,475.0,348.0,6.3720820835457275,,,,
247,2019-11-05,19.035465548974773,5775.0,1676.0,1295.0,961.0,29.651340001793766,10105.0,3053.0,2130.0,1250.0,17.84770245182586,,,,,4.890207876212032,1011.0,480.0,365.0,272.0,6.3757359752665135,,,,
248,2019-11-06,19.01722663518921,3796.0,1337.0,1015.0,748.0,29.651340001793766,8975.0,2556.0,1795.0,1099.0,18.08951667002602,3640.0,1604.0,1203.0,864.0,4.888980793809323,12337.0,5410.0,3973.0,2833.0,6.379389866987299,,,,
249,2019-11-07,18.99898772140364,557.0,173.0,132.0,96.0,29.651340001793766,9224.0,2857.0,2013.0,1205.0,18.300259107608856,1560.0,680.0,507.0,351.0,4.887753711406616,1540.0,646.0,483.0,346.0,6.383043758708084,,,,
250,2019-11-08,18.959251275526174,11241.0,3755.0,2902.0,2123.0,29.651340001793766,8504.0,2641.0,1823.0,1148.0,18.504788283064187,,,,,4.8776680718219225,1360.0,661.0,492.0,377.0,6.383043758708084,,,,
